{
  "project_info": {
    "project_number": "601407738558",
    "project_id": "miniproject-a4043",
    "storage_bucket": "miniproject-a4043.appspot.com"
  },
  "client": [
    {
      "client_info": {
        "mobilesdk_app_id": "1:601407738558:android:a9fe116b0772d287a684ef",
        "android_client_info": {
          "package_name": "com.example.miniprojectprogandro"
        }
      },
      "oauth_client": [
        {
          "client_id": "601407738558-bulhorenmddjggaac2p202jusbco076f.apps.googleusercontent.com",
          "client_type": 3
        }
      ],
      "api_key": [
        {
          "current_key": "AIzaSyCcs5_8gVx_u1oQzoem3_YmvphWONdGrbY"
        }
      ],
      "services": {
        "appinvite_service": {
          "other_platform_oauth_client": [
            {
              "client_id": "601407738558-bulhorenmddjggaac2p202jusbco076f.apps.googleusercontent.com",
              "client_type": 3
            }
          ]
        }
      }
    }
  ],
  "configuration_version": "1"
}